L_QD (nm),S_QD (µm),D_PS (nm),ρ_PS (%),EQE (%),Luminance (cd/m²),Directionality Index,T90 Lifetime (hrs),Color
749.448142616835,1.2828626711806081,228.40632923085755,23.10090327011646,17.979723428367187,15264.025520763054,1.5019855806033502,204.9471466668088,Red
1440.8571676918993,6.727693701374023,116.82799299900977,51.88127789408888,8.608856330541446,5920.473367999324,2.370340503197501,109.59414325707009,Red
1178.3927301736862,3.82920382968694,132.32574281892275,52.43810729660639,11.65020431509457,14900.197960545964,2.283388685271733,108.19805655149446,Red
1018.3901810364439,5.577136220482325,279.7108377054159,58.24579408989239,11.97714164432107,9329.744760556068,1.196700657024085,111.87797489067225,Red
487.22236853092386,9.168098265334837,221.28581193191798,63.56548002335969,17.547659056862948,7528.383705849257,1.6702070896612324,97.84584393198527,Red
487.19342440344315,3.2436300623398746,101.83941032332594,78.55112476775207,16.775317538685055,12756.055960211273,2.385061858980046,71.94659929720146,Red
369.70033460183936,4.693446307320667,120.29430857320642,50.97802089807172,16.81375955764965,14602.28524074317,1.9268350488078045,90.91992906212776,Red
1339.4113749299222,7.799960246887438,232.70035382161117,39.377388376474755,10.041256110389362,9658.15527463905,1.6766907225997099,138.38806463928793,Red
1021.3380140918506,3.059183489424602,101.01231676924374,67.71117168612221,11.07433793806236,12365.283884301858,2.130670832073319,122.35664249159443,Red
1149.6870933552545,1.6928191884591368,132.16161028349973,36.24993507572445,14.381322174423532,16252.582860590795,2.2964941622427726,162.62562845641577,Red
324.70139315496294,3.6077630762239123,209.74675787331722,46.338285242338166,14.661406390795333,13408.608384095196,1.5939864193174325,151.36314940669297,Red
1463.8918225943933,2.4509915852860398,238.37903953853865,24.70738288053596,6.463194537626984,16326.810490849826,1.219972223832174,137.99999725171372,Red
1298.931168960506,9.367278871083158,230.3922519005201,21.52104460492745,11.288873783579525,3168.607219509925,1.3002800669680474,131.12962161318202,Red
554.8069328139313,8.273083416079754,144.85386189211195,77.7589048806755,18.282983642589674,7090.068907994774,2.1515079457287976,65.12121211083469,Red
518.1899606485208,6.700633808593811,242.4358442695072,70.15880723073235,18.054066172800358,9570.78500423668,1.5685140480072597,78.67616883999048,Red
520.0854118241206,8.84314531168946,147.44981749936002,61.75845236562188,18.059729202629992,1809.1176916232776,1.9679088176930974,114.21399779274596,Red
665.0906915514453,8.23304869209203,165.07993963185356,44.53717666485619,16.420264325443025,3384.2551357300163,2.1495890186445896,82.15859208835457,Red
929.7077179586854,2.6791305299743224,249.29828102360483,30.397659204250747,12.155584450853963,9252.61363422652,1.1862549582988915,175.4199074000318,Red
818.334022370539,9.0330309864098,229.92657980944293,29.38622256026516,15.17488136916802,4690.126732131489,1.5842724587868413,139.70393997791308,Red
649.4749682376503,5.854080177240856,269.8446820988356,35.01457388987572,15.388780185585013,10109.538375965567,1.1815637669304957,125.55565411647365,Red
1034.2234736668554,8.266961396476564,231.52257846006867,52.95359988236723,13.951639489443867,8727.652995678382,1.4688436824916413,82.63756981696567,Red
467.39263278245016,9.06482169931144,213.66172066709433,62.87575536200374,16.727722700410744,5362.43051095129,1.7127022459988075,51.947208070242205,Red
650.5735782422618,3.8620312747467747,118.7349535656185,59.61184260306388,15.129949559052736,15006.914067998994,2.0757796071014707,111.75292802890624,Red
739.6342119524301,1.9904673207490908,173.54316061188672,36.79603381675657,15.3051019609121,11293.66533886706,1.9124555458660202,133.77912128463197,Red
847.2839810604431,3.051416462877475,153.04047353634508,77.29191683979164,15.413683621563385,9466.440734499312,2.283776674065584,40.03292782806781,Red
1242.2111536716163,4.843970097636307,148.7979286758167,64.2738150017461,8.86089222267042,10133.897661144174,2.02030868051931,57.66318738856158,Red
539.6085385900317,8.362132893302437,294.6021109504891,53.26124315068404,15.56936469886189,6415.56229682008,1.5020412077149023,96.98756629907159,Red
917.0813260963339,8.74657524930709,178.61954493335207,56.70324477406113,14.258900482082392,5317.274192922023,1.7449572731945775,135.2215168174919,Red
1010.897482634451,1.0625691747807164,278.40931103542266,45.176003745667394,13.02097092355866,10589.11043101042,1.470997110616755,112.59238734331443,Red
355.7404952639973,5.596725723198092,226.22772519945258,34.86385937006945,15.70915311154467,8889.90596420167,1.8792896428308186,102.10969863720815,Red
1029.053822281726,4.7566990283390105,258.9622607083297,41.35836071907569,11.5618533770718,7772.865245800718,0.9954061269799761,119.34258694429593,Red
504.62894842474986,2.9989702942365724,200.5274186210384,65.47076662786215,17.394035511469426,14279.57975635964,1.652830794115302,78.30859298064756,Red
378.0619115823354,2.0787883060031453,215.38077692527182,20.863609317785354,14.230207572141163,14704.305286387877,1.7962072782088268,94.27106161312514,Red
1438.6626447039998,4.038536542632651,198.50353876377278,26.964358430414975,6.18597349585261,9607.643214550793,1.7740287175670528,145.22383771740564,Red
1458.7584396894713,9.486187335212673,139.0485975596089,22.760158521305165,7.314267064498381,4037.265087824938,2.234775999345444,146.44843387636584,Red
1270.0768177397533,3.908826388186797,244.49042305230105,22.44372813913821,9.198489612701348,9562.211260802367,1.4017793502709663,167.20194909920383,Red
665.5365230080448,5.669115595690295,156.15447248817117,71.32763504066043,16.966672321857217,8831.320951807003,2.1015847888472217,116.52162292191184,Red
417.20653680766065,7.3271706300566,104.86319328629077,62.219471562801424,19.36515005012949,8571.831778334466,2.2206657341766944,114.1854748069322,Red
1121.0796318145883,4.272666421413646,229.09445918143356,48.45042974523951,12.630098312647256,9161.12484519928,1.8116287564320817,106.76085658851954,Red
828.1829924875216,9.746038744488645,135.4221358814098,25.87004963906009,14.662376984403036,6023.998420082302,2.2279163171786256,123.4698878583558,Red
446.44588181373456,9.662025654479,288.0917168705829,49.49695250700994,16.907662983824114,3967.6425929344123,1.4186181942478941,167.48308315993881,Red
894.2122921335242,3.2660406624282774,290.78571540051746,48.408306246833945,12.432295139257496,11005.230433442499,1.2805674449766924,114.05190891747024,Red
341.2662253382621,5.475236553031469,282.9728780440897,30.392112194600912,16.45094626573236,9042.209665543769,1.2782306688575544,142.08406814441142,Red
1391.1844824945385,3.707904788350927,174.0317400510889,46.03109895427838,8.25520762483557,9903.853109821572,1.9006501499159947,116.30926123027156,Red
610.5359779200203,3.5635644493972087,103.09132330577349,43.91028406384241,17.29493505868471,11073.24306168822,2.320470958422654,124.81606811637096,Red
1095.0267412247783,1.3319825261907952,285.66371251754504,56.951005883132986,10.093694759263128,12172.834122968741,1.2855849183692727,94.9088238124124,Red
674.0532913072932,6.486079005819072,185.63682966346286,58.10561905205863,17.263198240747112,11679.003094469375,1.9528275977535194,83.52480452142893,Red
924.081625413373,5.524111209059753,293.33096380873394,22.718240586322672,16.35971792974918,9250.970066383916,1.7260390419167528,139.54554823982753,Red
956.0523352119355,1.463308761249904,292.7239954178506,42.47675687758827,13.150024372719349,13081.450559061283,1.5097383070208747,122.15797121524388,Red
521.8253466306325,3.507818178129503,270.601891093472,57.55159494285418,17.67292348461206,12686.963242041948,1.338449266511246,85.11849047856171,Red
1463.5015533174703,9.174392973699883,158.88977841391713,50.188175514805266,9.701152968890593,4942.587854094909,2.2870302448154454,93.99225072677636,Red
1230.1593880333376,3.1560570160027517,177.01954572038505,71.38939047129934,9.255753802093066,12295.217771678188,1.8854808635944365,78.10248173367926,Red
1427.3987298770269,2.304053848821008,270.2273343033714,59.5216178971367,8.991025847842245,14974.674625379188,1.0314576741219175,88.18258528208284,Red
1373.7928205131786,5.405074842498067,163.38440103125555,29.77606562488578,8.851115374720086,10880.441366109839,1.8633292107838224,175.72826565281403,Red
1017.4799745733021,9.870854086995406,133.8985493372185,24.234124844025793,12.682778074256682,3943.112436380492,1.8509559143450598,91.49393091941974,Red
1406.24908202774,3.178497443603504,211.36025249167002,58.54515669237894,7.368890498490368,11555.954283704888,1.6568521738054482,119.42488787347372,Red
406.1910024623034,7.049219926652907,287.23095483215616,21.59067863249731,16.85843498977007,6448.775451886705,1.3623368889025798,180.23940868694785,Red
535.1794349029742,7.854576537958458,239.2059593349946,55.1465348764078,17.820667586094853,1489.514918525234,1.8418166132873244,55.53153451110515,Red
354.2727466926457,3.1387378959315972,214.012234017873,76.41381448549745,19.029279511315906,9729.500579415979,1.760598075936139,61.881535292841654,Red
690.3963969159172,7.553947137506736,119.4352987541537,54.52845067255274,17.89287523768392,9138.805044691455,2.189753967972794,94.03006748971754,Red
766.4127476273784,4.3100481944732785,223.00144533983394,43.29019557239131,19.25673381005673,14365.242679937168,1.790219767984496,90.54278308231578,Red
625.6188381286751,6.690752475342215,298.01077002085265,58.59729310654119,15.368827783989031,6969.234685063939,0.952215307387258,78.21293101884042,Red
1294.485010982315,6.7017673968480524,128.0168030473048,47.495173429491,10.838418228188713,8605.517630180333,2.2495322084870635,89.89089562173389,Red
728.1039920323071,5.821972156672826,203.66593047274733,52.7370073589561,16.26633795223473,9345.651293554689,1.9128571179888154,143.82656597443673,Red
637.1214116248569,1.8126079304896747,275.47461438559105,76.48788852659152,20.334386996299123,20368.75637927612,1.1168364055750968,89.91930158593047,Red
951.2352997898981,8.51772246030314,248.15372355084088,43.16615826804646,12.02444405011017,7771.547959810632,1.6970383259804356,149.69174161894492,Red
469.10906996971516,3.8870205847456223,239.4031481990536,77.67143382943485,15.552475181164812,11457.022978634674,1.5998507234114363,83.86268762764725,Red
1262.6363769048476,2.678666593598688,240.49681679742184,74.32103851736383,8.608926114234885,11420.540544844182,1.4579117965676494,47.1083223240034,Red
389.460772415725,1.3669762739928752,171.89823024395105,31.747468087357788,13.135676008435764,11333.085433356715,2.106152075648735,128.29851383124273,Red
1484.2643239206207,6.318036488694176,158.71836885289866,24.161678052509927,7.611408539214494,8395.218332962686,2.480503125606273,160.66776367710418,Red
1226.693723155989,7.098079256580542,261.8722310957027,26.0466800826456,8.682163452463458,5425.14777302995,1.4610580596151608,120.70444185731607,Red
538.4588178410069,1.1492904603507053,262.02267893583615,21.093309539092985,17.224686530278692,11833.10658140593,1.4724033642943237,169.0454872083741,Red
306.62654054832285,5.608837524693529,273.41446371602075,25.6665776453557,16.820563507461138,7756.315223297831,1.3059866619702822,142.7808268228028,Red
1278.553714145801,3.0384619767814414,282.64811051129425,60.98040640498141,12.677151864402369,10726.739384015731,1.213640149914188,83.15521395038168,Red
1148.2288126171406,6.806555113685048,202.26847977218756,24.27131890761374,12.457361616046871,10686.461150092233,1.9334289014678532,165.41202184195623,Red
1174.8086016491848,2.569297861044923,200.30325893743992,39.138537817625675,9.550824214142459,15221.011115371795,1.643761308330931,138.1789782931564,Red
1225.524416023135,7.218439642922194,259.65903579335503,70.69251865816727,8.457220329151031,6774.670514023157,1.4502461311670503,68.77022378298054,Red
388.85358208090844,4.480618116704837,229.99278615555303,21.39631614414955,17.57979497418718,13772.116080067688,1.5097713699141695,178.54071416494364,Red
730.1588742531271,9.43056989863061,240.39337545154066,68.86810895533614,13.6921723876501,5234.529118036825,1.619468510493167,55.490770369863405,Red
439.0428714301556,2.2376884973139393,259.1585338872202,36.911286486403995,20.035787235155254,12091.992542477885,1.4995293622069137,145.5343112100323,Red
1335.7241110507123,4.069597159452327,278.00106836351324,27.089889657299373,11.058583649893801,14486.999787337058,1.5633582859099682,159.30372950841186,Red
1047.9577521930696,2.021261691165302,167.59903137030716,61.804229921849036,11.314500324872903,15103.184240521914,1.9274655838453278,83.2580210393305,Red
697.077629823179,9.322242564507064,175.11659052798882,57.73657080679304,13.298782980931126,3038.421467431282,1.9228683711156767,103.93831893574317,Red
376.27002034322834,8.896054180428829,118.7963879681738,72.64832081162318,18.984528948652404,4917.021937380404,2.0543503843881092,46.56137032794811,Red
673.1787860587947,3.3214746494364005,215.6560281992348,64.10426262823314,16.191648878330085,10764.878061586669,1.6104733927168113,106.74785209497054,Red
690.2199864320964,6.939856414307611,107.18845475934842,68.20885582309091,18.36772837591617,4372.424848188939,2.3150483811693348,76.15761734787866,Red
1175.5274140056767,8.354999801810942,193.11960362649205,36.922074354278394,7.8128529158037185,7505.311713163677,1.9847979816957224,120.46673380623514,Red
1065.0689656262557,5.996807304395161,208.52892694151532,30.646372626783368,10.8683147947617,12278.518704783699,1.5739029928583936,164.49623688585962,Red
1364.6552910915918,5.766855205204059,157.30825042565687,65.0368850984515,8.887346618736943,6009.909959664985,2.236184494386042,69.47819169190302,Red
866.6579101943391,3.1766706181040654,218.16665211380214,68.41008435603584,14.558604548431534,13835.94120908886,1.9173380277612406,48.94757039694121,Red
443.5130951259621,1.837924910253093,106.10004998780988,79.4303085200404,16.168144393113117,12888.135168059565,2.3223540589257428,31.843908867332733,Red
1155.893744667594,9.074941821579941,107.46963774984289,44.757060614685585,11.809604988311342,4235.410920420433,2.584729226718025,132.35046096371008,Red
1212.942058340277,9.103762514469974,264.5201121319317,42.32108514756699,8.299263378993471,4012.098200221849,1.2788131361219173,94.9704458906782,Red
973.5326370833955,6.697913115459412,172.03812828225256,66.58477764451982,12.860933915204736,5729.633501797144,1.7673189376547473,121.22810033249614,Red
1225.1606159454732,4.051268119438307,125.41210253037696,40.448212415181075,10.192718024068666,11565.340866503166,1.8944526924219032,80.45527624306615,Red
892.5547156372689,4.142886171513948,204.44865201096087,75.84543953621389,15.032042739746492,9668.240040073857,2.0378678938655335,107.41205356982229,Red
927.2793952583929,7.533601109832154,253.99871061972217,71.5047651105807,14.922269838400105,6968.25597200466,1.5802418641365157,80.24761287596226,Red
813.0492220302596,9.073992339573193,143.16420549936862,45.7396416425011,13.193181184688434,5109.613043269603,2.140461555778898,115.21172343039287,Red
330.50295209291426,8.983777818386056,224.57809516380007,65.05226406748984,13.803573322424434,4774.757336224612,1.680945827523258,72.96187321854119,Red
429.46971239196534,8.018879912718614,117.0694929987536,65.27257244508094,19.06814656584243,4122.427307827544,2.0313329322712947,93.39279905289823,Red
1342.1615710774954,7.276782405221559,277.74961597379547,77.05181373502462,9.299374338292084,11527.716195110956,1.395531259526033,41.13839957369219,Green
884.9174378994164,3.676141066352957,291.1302996459507,29.063473506854013,15.800815652263225,11904.840927536006,1.5606438462886238,124.46201614247987,Green
1373.4626722729097,9.319565758388773,272.42552345309014,45.940088062556114,9.74920270964977,5516.00213219444,1.3791042028540197,94.16977384979157,Green
1259.8263071367783,9.73952420648831,261.9032149449756,76.61695521005593,12.205356989950463,7118.040186274394,2.0159172827411678,59.15562807476134,Green
810.2562053630802,9.498398402020905,231.04839612780435,45.18363901556734,18.852758398969392,7273.00434340744,1.5281795553539004,108.6696850873049,Green
326.9631699841409,5.267927949917174,210.17147412182786,58.31155685984513,18.131832128866527,11953.697156673603,1.982417021046653,97.68594670741071,Green
622.4128312619353,8.758383858903821,117.39735198228203,43.855663877767654,19.586087655171603,6653.039124057737,2.608201202878219,108.18169985432564,Green
949.9610575930403,8.600944586815633,181.69064261413973,36.452912140920205,20.06731721135326,3189.223359903865,2.224586929642225,130.37314060951655,Green
1060.1738637913768,3.871904259189301,174.5377034024628,79.0386588775897,17.51549723545199,15002.009747285003,2.1576335954932913,61.744547906486765,Green
609.4652225198428,8.460239267356096,151.95075675206525,44.560040378902585,20.57989003180917,3280.977847291607,2.3165912432683604,68.99420160035524,Green
467.22728888738897,1.3330687124394336,244.684022737717,73.64595222074806,20.049529222240846,15173.16726930839,1.6859293462358291,47.39345206035978,Green
1301.916284159159,6.366428906338477,199.17514701575416,33.79727635346517,11.177358212896303,6410.383919648313,1.9770777986022905,121.4844911561412,Green
1481.2826168442625,3.0700795355893273,116.20924318152959,32.786282241505,11.23567775862713,12720.887389044517,2.6766560937754305,101.54655725997273,Green
930.828218763223,2.0851019719955093,144.03664038996226,21.86804497307068,14.032431082932767,14622.599666404072,2.827177724525753,150.65602704808592,Green
506.0151430179642,1.6925788146628824,236.65175273191917,59.1000095225531,19.484354197997945,14952.34684661889,1.6162803696077166,116.51467350098457,Green
626.7687918232427,7.266598982903258,115.22617189806004,42.11158062342567,16.271525728907722,7576.818971010011,2.2118066162674137,136.6398913526387,Green
322.0688118569601,4.058874673912595,270.24138280975376,71.86149499037822,20.037409253015095,14684.294421078344,1.5359828501539476,64.02787957723608,Green
1397.1585678725987,7.522900943758853,199.02930540279488,48.392594401493426,11.553090964820791,7346.189865261245,2.5235653896622448,132.33835657223585,Green
441.30129946816936,1.5882070671904813,196.1173154653296,78.09160567488331,18.948852493306834,13902.114186271081,1.869740718033708,64.35612527310136,Green
991.8197706171043,3.837613040475493,218.48155693190353,31.13153094218727,18.276454125959003,13713.736427163949,2.1846998690487616,121.19132829170374,Green
628.8662648246473,5.855421631378035,264.9361931850298,72.11739007733664,17.14428535693945,11051.363206032642,1.909482138377567,55.718884814883964,Green
965.013603018952,8.116508483550671,169.56184158043862,66.59581116750451,12.619709409209806,3394.861534229208,2.119338411195493,69.04705637306814,Green
1081.704466022237,3.8687725263886295,235.6032305118127,66.25531067864313,14.179539607055283,12934.559581856382,1.8485195164181285,67.79812353749045,Green
1295.690164448642,6.633022387933082,213.1463927991582,70.68699368701326,13.089273514116245,8948.252256867278,2.2231600685741966,73.15294198125116,Green
547.7055261127239,8.973799734125684,153.40565403388428,65.66143945657993,23.311806872415804,4662.469034531573,2.2583174288771106,79.59117797510596,Green
313.1949943901766,6.542768693640741,275.7259972710316,57.573219297884926,18.245634751957308,10421.809197921386,1.4951921971265723,88.27684839203953,Green
464.2627560825687,3.096635272782704,259.4852043213856,27.874692660943253,22.12588232603581,12514.67551414834,1.4815450502676182,140.761377433905,Green
1380.0223702177261,1.2196070340088423,231.6903669316851,21.951570769475115,10.273971287545775,14888.609471903344,1.5583057059800276,162.38703343538856,Green
1348.6680930750183,8.830889865108368,270.11634581884834,75.2508708689412,10.209249934437507,4987.331078741904,1.4242271266083981,83.35819711056249,Green
1016.89572260437,1.1914246976534844,273.45884019196046,56.99901887124428,16.502047090502153,14684.982305926738,1.2980391738154495,59.39638260383609,Green
1020.6202325203841,8.872315054157795,241.67259534300695,67.79223745857058,15.980970396455692,3117.9545649656843,1.702399038988539,22.40635492731804,Green
1098.0440094555065,5.760434206244907,267.40266567273443,48.891341090753,10.331380558771052,5936.740559686503,1.4101313923754661,120.42752349153481,Green
510.4455343481395,9.451609286616065,239.49429233385672,27.038491337743668,22.950388779733476,8263.029512233457,1.7560870637288912,105.68264187916503,Green
1397.2943351099518,8.189049121962988,236.02815435206008,27.511147532153025,13.018205128179753,4093.6797185469395,1.4207207985065637,127.96377729699867,Green
802.5246298704877,9.981406994800038,223.72227564303688,61.13391723373828,16.65562573689072,3017.3005988620016,1.8841435826547328,59.4630733689513,Green
759.7662338993969,4.156406339065391,250.54332791152825,45.818353693967765,19.217018438283866,7002.875963796587,1.8101478866284433,70.5100287962721,Green
922.7012463394051,7.904694600380142,131.72102105861472,32.0314836020202,17.190367499976084,4766.786004619061,2.040457569374417,137.5788255461532,Green
356.3591601300661,4.617378222483179,276.1741518397857,49.49567280448621,20.020836990998564,7953.394978282226,1.6094212957417564,115.9752653686378,Green
499.5400425072953,5.318880582735179,274.3687055490464,23.852536224508047,18.899384472254212,12783.971275525822,1.7855141245846906,125.07639711179388,Green
1185.6403397116446,6.64754916896533,105.84945660691183,54.91828411486393,10.903237822310022,9545.685590214,2.2559626570575206,40.48423523979356,Green
399.3584015101518,8.863094027677048,265.16335011295257,36.13960426610586,19.701050444926615,3939.2484609432186,1.9075254604350098,110.16545209543148,Green
1023.7825313596659,9.856751222793656,125.77397349468905,67.85354603823129,16.97223038276047,9509.933915635746,2.5433832411797863,81.23926033370006,Green
594.4189316175851,7.914460724780664,167.02377085182837,38.621717535414426,20.86884124293539,7998.874635269793,2.106564775914161,87.9165312584,Green
767.1547368503718,4.759901039506004,248.70165125832156,47.31320894490807,17.598723051348426,9727.126265581035,1.642576332938422,107.88259017401334,Green
646.4324841248399,4.792213020493632,132.15197920966165,20.697232394486036,21.02359061449179,5327.347838500879,2.5492424331467247,139.49125222563356,Green
726.8072597579389,7.638240714300023,263.5934048238124,24.346813267673532,13.08644663345434,10896.186389902261,1.5947568186007526,147.6591825616911,Green
1162.8550862210946,3.148994311914721,266.4268355915484,43.549613384401084,14.84956020971653,9967.289370354452,1.675683381503383,112.45464654755934,Green
656.5460587478101,1.994267018182552,201.49354675216725,48.796330083027414,15.927984636107483,10759.574124304201,1.8041360686494532,82.42889089945649,Green
979.6855683562766,4.191599418766989,101.27717434336671,56.001232887158224,14.593999895426544,13301.366992761205,2.5337715491501296,114.56046199918147,Green
871.2604826389196,3.5851509248867357,157.40762663498256,37.499754722558194,14.728212954006183,17029.483005253212,2.02737349563707,115.96393611028908,Green
1096.4053984351776,3.6667730841039106,223.38538367514843,61.69891316759255,10.919349784972418,14802.076142895647,1.7981892229446736,81.48823257979271,Green
1424.1956871897096,3.1024697594491895,296.23723560548467,71.60734383135227,12.462768866502264,13935.025633678786,1.3200915785233214,49.94109351034668,Green
1179.0865166523004,1.378838706727257,226.36270540333368,66.791059333601,11.397589868182981,15727.696805618822,1.6517089124558317,65.96532879857791,Green
557.9284543089082,1.1608654126007243,151.96071621283195,22.377129520901427,20.610437309983933,16377.99115554075,2.5897170345385354,120.4493068257652,Green
337.4197620735416,9.889501507624283,226.80114061992225,48.830416835469734,19.268022893307528,6520.869553264007,2.0139293105199294,98.37784237651493,Green
614.7168531597902,4.849958203622761,207.9970759431711,26.295810705090492,20.632872093905004,10797.980682178799,2.059183791864271,168.1213304240794,Green
1014.0935168403058,4.4589398244371345,255.96907903022873,34.522700951751645,14.932335661526858,11054.210798153483,1.3964356712696484,95.92694808716644,Green
361.7109761811004,7.116825544237629,121.39612776539168,79.19975559602878,16.96952862521236,6789.4379814486,2.408744072972851,28.029485501071342,Green
895.6394966414836,2.9642849907855773,252.2055805004056,28.549732574090793,18.602613860810145,11476.19780505106,1.8770318414412133,160.6245342106397,Green
1016.211418700267,9.549650655552028,208.25331573522206,49.933289207081366,13.757948535770698,4488.608906902336,1.9637034182176147,95.91831544872603,Green
701.092668980353,8.07710512973997,292.59840077179894,57.089344059087146,15.92180884818668,2499.004600590755,1.9672414353431442,75.57446485517127,Green
1225.0946444949864,1.8046990208103355,168.3744332077372,62.147898232646234,10.895399105526185,14021.000728056066,2.316959218202825,102.1760617592545,Green
427.91790376052614,4.758226982064356,226.52437862678963,53.578921009214845,22.8738645714834,8402.228892222609,1.8360629211805137,82.27777046312693,Green
390.1653380829705,8.912064768059482,286.40562110200347,20.58625084515102,21.40572643889253,3082.0318063073723,1.449533287583507,176.4229340690936,Green
1173.8265074443239,9.502588200622693,120.50194559813585,39.58767849463951,11.705937493430907,5420.71224195602,2.501003442060643,129.6240273999528,Green
894.5895794474382,5.2066136012488275,287.44569744729023,51.06269860308269,15.927169624623144,12459.684539180063,1.4791967752275292,88.57279885540369,Green
1126.082875713283,6.520702502896369,237.57714446016266,25.27198994869,12.427608858173805,9537.753916093236,1.8633330428043584,178.19811141786485,Green
821.7928063244955,2.503305514828677,113.56741182103438,41.037615872550845,21.80881017120405,10390.859289136424,2.6800287236960263,101.77850636237746,Green
595.6824398869283,9.92051763523279,160.19271338936323,21.992186527481994,20.53967296154979,3022.3024132665178,2.135468887601138,153.37539176120762,Green
1282.9227812090396,3.0850453124509905,241.6344177290563,24.714709829301245,11.978415166015841,14711.35693526036,1.4295736763967417,141.6566441097204,Green
1259.299054762775,9.48458596721613,113.47012029375433,43.815396572095764,13.423269754645986,3100.4290360033215,2.121608232810881,135.6885705040095,Green
1133.6357650253121,6.846819840931316,216.43409203525465,27.962945242583622,13.439556145074864,6809.796156545526,1.973953998222947,163.14624990740776,Green
626.5741646759552,6.469631153909732,169.17661139059135,54.05245089569349,19.09179433873672,8872.758290409807,2.0120648135271986,94.29168984067967,Green
1008.2768002429045,5.614196599148578,224.1831035534954,61.367898148235945,14.477303277755974,7104.508936113327,1.3840232641554673,67.45216145764088,Green
733.1686763280322,3.076028305459828,109.14840676250257,68.03520194654497,18.574251768273015,13052.231340606068,2.572561972661816,82.3614323152832,Green
409.89848799196096,2.5887522880495744,274.3073612304753,32.009014654688606,19.726578846808785,10767.542463672737,2.038769223755634,113.22507543880772,Green
1400.7762905546913,2.9843758816315784,294.6977938354794,30.048954935544185,11.696222515224987,11756.010634180157,1.5005189907176661,169.5947608546795,Green
464.1823571027537,2.6779443592982908,293.77557105713834,26.274070420064014,20.072270781376936,13972.03114951379,1.6700861464606211,136.6429696630585,Green
1440.284824584963,8.01626026210078,249.93036634858495,58.1858149726182,11.553007520477449,2753.9674519090954,1.6631994102378085,79.97658047677933,Green
835.2069275495469,4.151127332500571,126.0172480261264,62.388543589214066,17.313036249820765,12198.606595356947,2.439045565453519,84.72129997151583,Green
522.1595146063436,1.5205840890705673,251.6526391858045,21.895168689538522,20.145159245892287,14400.984913842238,1.8212039570044105,111.68789096795872,Green
950.2811368540298,9.721923671267302,104.9173832917603,76.17273477462139,11.78140893361555,6124.047313080642,2.4404542480420974,43.93408648690786,Green
1347.53500305169,8.954072964670832,104.42471030579945,23.118277019088346,12.395334684940213,5715.3329888637845,2.5522712756451114,161.39070846216896,Green
1178.6698636914734,9.349770548756917,164.72204382990824,52.47778011806423,13.031507478568077,7832.239908393451,2.3274477144840673,82.97395590205943,Green
1267.8733774337397,9.954170403817917,197.72863808093314,62.54363116705498,13.267639473690487,5250.967237398915,1.8842173595569194,59.86430801392936,Green
1090.5400400528608,2.5650572429753855,254.08148356155863,72.25814742476513,7.8043896214906034,12603.72900996723,1.822930022408361,78.55046625587983,Green
1130.731877421423,4.566178170123929,236.65907532130103,62.84521592794567,17.180464428731323,10923.933089370865,1.692738536546745,104.0800600370178,Green
1319.034781878383,7.824146281336822,189.18054127534967,68.10368498418751,10.507324509977432,7209.964137212738,1.9334183210636091,87.45035484665539,Green
599.601610631023,7.26418556248413,154.72533325633316,40.367011552568364,21.973578282992754,6833.5683567819,2.4336633342092964,134.82250410726394,Green
887.3099563717685,2.3850631570586955,299.4249000315422,68.88950682479074,14.653573809741644,13742.047680327847,1.3203268052074262,56.903648353824394,Green
565.4513301835227,8.34249812491556,185.23626044719458,24.806890783080508,21.120219286016507,4258.709552900116,2.1205537985002296,107.13296419701268,Green
1485.2016095959764,3.019965146529946,190.2774048659351,73.68899936363167,7.898571320355632,11587.695056204862,2.0742407885202705,96.15706051388943,Green
1432.871207623936,3.0143585334036076,132.72476423833382,52.85554256922418,8.86323847076749,10115.439041780475,2.6525618393264185,89.06694139050978,Green
347.3121736422071,5.832769806040722,258.96190974998586,69.03786619774962,23.263769125895635,12205.913305735976,1.695277010680015,66.82999585342154,Green
1146.6902070188262,6.336459413575328,238.73644515629772,47.13909707109801,12.39512810040681,5474.105389378674,1.7091879741390705,131.0517307807215,Green
1410.297980898799,6.220775870540301,144.15392255775208,58.6146617117915,10.632093555903047,6743.263321781938,2.5480381709006847,97.75730703953252,Green
516.6904141528003,1.8233815365797938,116.47620912316853,51.58415965616679,21.733263598653497,12765.031731644825,2.761389415529195,106.63039036960726,Green
981.5342766631553,8.897147763673424,236.0998604149426,63.89537130531991,16.28126001478046,7086.964439061545,1.8429867856886166,122.15990571951893,Green
1398.5859571056503,3.3904003832983545,230.90224285622705,24.897798921835374,10.552465930821775,11832.071905712673,1.7687844324722544,122.59830887680783,Green
340.7351743029586,2.1656342915452376,154.65190539964186,23.621125039433828,20.11700704916707,16382.23428631637,2.0644308087515997,155.4100406509712,Green
1475.9643952306208,6.219854086853181,139.619526551948,29.734004346948762,13.106349126739389,7257.560906036404,2.885756462590957,103.37181905754743,Blue
1022.2579075635865,6.053361291635714,213.06605091432198,20.75645119854554,19.87907372006814,7163.266372195107,2.109464558786532,83.48764074256256,Blue
998.9071898486958,6.045940849745539,192.78649733766724,53.585341018302955,16.28909408601139,7316.434381164934,2.3299580383322542,64.38863831919764,Blue
1197.6878153154385,6.431388999368093,294.4010659263074,51.64397732736058,12.928179917121705,3656.6068760200524,1.5659630211986668,71.38651645949606,Blue
1274.1237457081652,7.08821143503726,221.70545453929333,63.16121734214951,12.481730807140625,5267.400788520873,2.075298306446372,55.542945097885074,Blue
1087.7743287978033,8.244900997126928,169.90127441736377,73.41548318106813,17.55864824961408,5334.01145839053,2.374952137933935,55.59582618916772,Blue
453.71489563944004,3.428386481153929,122.81915697758667,24.76439507858177,19.901780140936083,11420.38072649538,2.8517902151850216,95.33412864937186,Blue
705.921007193398,8.425444691620559,130.2493657469869,63.88978942042174,21.41310398151054,3189.6014156694227,2.607757495984193,81.03073459900726,Blue
1413.7003683912596,5.484301140371082,145.063385990247,31.244716645854933,13.346338724727635,10596.247991682067,2.7008295125838293,102.2316423951293,Blue
569.5387342126223,1.6935245122089806,150.1933322680596,71.49062318942984,22.971682351815286,11318.876398864408,2.58128805923085,54.85068569815517,Blue
746.600428605016,1.5269583631958128,270.1232115682276,69.14381083169937,20.84747998218037,14737.106476849927,1.9571951250217365,52.12111102879174,Blue
818.4922595330352,4.008144868264547,212.24455765650498,52.44762529913266,21.671311967361053,11148.570810968817,2.083559020814214,79.41030443279101,Blue
827.2859876333426,8.064072794003208,204.67818227487328,62.61456791739869,13.392878783049595,4143.713435099473,1.769552628697452,77.76132317258292,Blue
1035.5274989934305,7.369128412668242,122.95377437384349,38.861006791024906,17.37872833960182,9147.056880807293,2.9922579754465195,79.83964167599824,Blue
1431.6910052936491,8.09753468205166,272.027938669887,48.27007393596888,9.687193265362193,3131.551242048331,1.502981291349465,71.64295539747467,Blue
588.831254199006,5.655421507974484,244.56286064169674,69.2982138626283,17.75982136301145,9734.430780587149,1.7018551361900212,52.34809402810439,Blue
445.80165156110166,4.961790981599415,113.53367238000031,47.55591183039283,23.045111311327574,10855.063602460647,2.6065731778533165,61.53437996065142,Blue
536.9645878319247,2.3270727403565554,241.56701944595375,41.46789591952651,24.98500495431008,11142.951143719909,2.1682409945249312,77.48570417906294,Blue
1364.3098802511233,3.953734782483804,208.70764346852923,49.65274683501799,11.189814091003587,12959.06966069618,1.655157384813743,72.8168285645579,Blue
1074.9729751862474,4.9061742955648775,116.34506914935565,69.6949551462331,17.31282856051483,8682.540031508312,3.42227620383094,70.79001270220117,Blue
643.0881470869922,1.797403867116555,191.6601283057313,40.11248284225236,25.000607803843256,13321.089523107941,2.5041779074628154,96.42715220084098,Blue
1279.1363267623406,2.985507574400901,196.9392574260094,30.425695588144627,15.164516957578062,12130.16076225712,2.275545292722971,106.17397957651515,Blue
1333.6439956361232,6.384027646573649,133.15490803265516,62.72084121984685,15.34210058311335,6862.692830143723,2.665006162156186,78.0510080461683,Blue
1315.8172064283335,7.620968028152708,289.1396294000565,69.55869276248491,13.528002776714102,7158.875458147338,1.7208056704112262,54.741537395556286,Blue
1402.7118403674654,9.985127602536547,269.9950742961324,26.038248711412,11.420853488135547,5928.328815306752,1.8246126669844362,113.59426438265876,Blue
602.6892242080339,9.39801998209202,233.80446746582166,34.39244676535668,18.191940622152572,1432.8751898884555,2.0634300026770065,97.18498313074407,Blue
1206.050314495534,6.783086795816724,192.45911220012144,28.518319385659634,12.641856508049235,8956.814087485152,2.3872293344629,109.23753355578873,Blue
852.647396728968,4.791232479646649,182.35310831690168,40.87648469493,17.100961385016586,6302.44100353984,2.3702210055489945,81.98447226761914,Blue
1310.3982634680738,6.725596282374094,230.19469343019082,47.021058734324754,16.723266405532208,8536.824475370246,1.9053932425472104,44.716911436975565,Blue
1174.1888125939358,8.070864562722088,209.0863738813811,64.92958021779839,13.251269296169676,7329.5140424583915,2.0884854993319464,59.77080483598569,Blue
1231.7369357996695,2.065025718310486,112.45462117637712,59.06885509290045,13.11137717269093,10622.047151210236,2.6966284296602114,91.52126187138992,Blue
1087.3942052172858,4.689144007266594,202.50052975406635,57.25571404870587,16.222104806148124,8699.298385388685,2.4278319494259417,85.78040086890854,Blue
512.9145233636482,8.558220570720554,261.2807234465679,41.142496796579266,22.091399224870962,2963.5082093334213,1.8792099669650848,106.43393607195105,Blue
954.032302676326,4.4544965673973955,191.8479755193916,70.4868531850856,21.020619256820215,9380.560112579768,1.6233506217462375,75.77449599414508,Blue
1481.6036874294098,6.146850441044679,110.39131551085369,48.27723004388987,9.639354161633989,6859.067412619683,2.886987637540261,83.5823612699433,Blue
1424.8656797965427,6.289924247759784,257.25563987680664,78.74629628090926,11.580644115666203,8629.305116543164,1.8122278110421053,51.74725570194539,Blue
351.808482956414,2.6602862782027543,140.27275642719488,58.04852829774421,19.781207875148866,14376.34063025799,2.639454256362922,60.1109191884382,Blue
497.77777887532454,4.260118974870595,151.72416697760775,27.575884493870163,19.095816444326513,12548.819606724996,2.4927604605053015,100.8481707286456,Blue
458.0745281454743,4.01060159867739,132.94127068645918,60.57065372452604,20.606469243961733,9364.412231603677,2.9253033162310595,76.81167443661299,Blue
1171.1758919823546,1.235770376788583,166.04301297429953,39.506240925901935,13.601321885789291,12788.515267196957,2.6881086800471112,112.21142772467368,Blue
1281.3423958283342,1.217725875022197,251.350301137727,61.17963180116585,11.30296499213633,10144.51564583092,1.6328973395536976,64.0071727828469,Blue
556.2136395728063,8.485273393081961,203.87717190078746,24.178468889744344,20.391130379759698,3549.3991403880445,2.256075845691929,101.8017355456002,Blue
907.0232315421948,3.457637289755312,140.97625483014252,30.492886230557563,14.989877422741502,12832.869066230196,2.4261852223025353,103.01597063811751,Blue
1308.84363361344,5.662708896149339,275.5660156304082,71.34423553434718,11.779485324337308,10977.9200939482,1.386499037960158,64.7626615428067,Blue
1179.3618537195007,3.6885301622989575,275.91637099030584,33.63077342141089,10.251883598218605,8580.207387830691,1.5510115555165227,76.57375650344449,Blue
950.684646590218,9.466113206038065,274.11568500920134,70.22246751457641,19.020826497811825,3496.7127197367854,1.8845654252545143,19.524101183109373,Blue
1008.4172285505275,3.3336708297919637,147.75924227630787,36.75656530726462,16.53594513723451,11202.0564229957,2.812041240791337,87.35760818561417,Blue
910.0326562995359,4.866911314650416,190.24786883619763,58.572914603522456,14.82729592066844,9692.384967542203,2.396802032964447,49.825327267162166,Blue
657.0581415825848,8.854572254361416,296.99793122817505,61.64903441058986,20.663708923541993,3330.9350526429894,1.8101324840966966,57.555726718984275,Blue
978.0263914308193,8.577402101126278,254.40249526199807,50.759285188703174,15.224631125360268,5705.293020370075,1.898706809721095,76.68145947230427,Blue
1126.6623624601089,2.674912760616496,105.43348424511197,38.31864060180388,15.070916757837912,11149.503494320026,2.606872041905496,87.09997900750699,Blue
1347.9874990329693,8.223789788161394,113.04091825209841,32.75866258226577,14.56433978634667,5156.595591546389,2.8335237074320223,123.86158973037107,Blue
1063.5496247750975,5.123681980641034,192.78627536246654,21.991361273745575,11.28384192963246,9808.504360012379,2.4382789206214124,116.05536452092993,Blue
1213.3458444517896,5.346719848768197,281.844041172312,38.23678407444343,13.336575169039163,8522.365147392728,1.8381600590815768,99.25551048510363,Blue
492.0859619454876,2.201319751743494,207.74035959054285,59.18976743187698,21.646008016441733,11680.62541451451,2.394853674736894,78.56686966636556,Blue
853.8689693037479,1.7254136238141218,199.56250160685806,76.29828910690895,20.414148270782277,12657.629551078078,2.3596065314124735,32.36461264739724,Blue
311.197943792512,7.551453762763886,121.09473999132612,72.27226893578313,21.52957805274662,5607.94842455096,2.797399852205554,70.8661390504695,Blue
596.0146374259476,5.468150371197698,231.3560209448588,65.96388659211816,20.09734733399228,7674.5315529925465,2.1753574067085095,59.55740490977624,Blue
1171.7540581356056,4.931656323536616,264.42063212004507,67.30684059519791,12.972308869786614,8630.77826027202,1.727847919664426,70.03509325328216,Blue
1490.1719416192361,7.5655740578715704,176.08400150151246,59.89909420855972,9.251364515621216,8630.71318332762,2.2077811464423456,50.61026222956994,Blue
419.0137195046591,7.889616090919988,255.1223701850655,35.61721145396018,24.19015942626122,6462.973772118081,1.7452161617973692,72.60503502243742,Blue
781.7931790335459,2.430173509024182,292.89533078016234,74.43170184234978,20.028788554703723,11719.146723447551,1.4895428617166409,65.31142059929958,Blue
1260.0851624389913,6.492026345298772,140.75329182553781,60.243938714350044,16.672284889383082,8221.610939607695,2.4925637748985157,73.37069929205309,Blue
544.8427615546786,2.2181867404991698,204.66592623894826,53.6264378588264,21.812058475170762,11849.989262425965,2.1279312636825356,61.01991075309022,Blue
966.1019391627435,7.762375774261411,157.4275916169151,26.659368152808867,15.526115087472478,7678.460755389076,2.366660334774347,92.85743006477911,Blue
1179.6855552356096,6.912596406404256,258.5708838067679,46.82333262838553,10.227369816640335,7121.272144992571,1.6946578127181644,101.99225146265664,Blue
1039.1825403122148,9.609531589751121,215.51867317623152,47.62149627211558,11.857775497424266,4340.671142017243,1.6506569288896957,63.955544984649094,Blue
525.6296815384994,1.6206221472077906,226.91648351006074,71.87381657136021,18.497081889059313,13735.14288212118,2.0212495183837795,80.90818547807552,Blue
726.4614824228872,1.5134924903612887,259.5828319231788,52.798893211267306,21.253467164315584,10173.256622292363,1.7574338169773591,62.077405839969906,Blue
1240.5501413824768,3.539683672238801,179.19409453249096,42.824032938224576,13.847262193834336,8964.631561730423,2.1968078063540317,99.15566731850912,Blue
965.07181695842,3.355351153623154,283.01801368140866,78.60801971063955,13.623685737118265,9073.924638368388,1.8144864223610453,43.44019658674092,Blue
306.2755362514953,3.2228091916479986,206.605773449228,26.64323559957894,22.981544508555285,11641.230501586046,2.349297999413457,116.43809731257666,Blue
1213.1889120337128,9.15629122468933,131.5909645670696,45.352905698716675,12.022908891377364,7775.68020591211,2.329997970982321,77.11316449668348,Blue
342.37362592828686,3.245915798645555,239.1798236337605,22.521480510284317,21.66225549518827,15372.50492971523,1.714677874933219,107.79401451794865,Blue
1194.8805392774784,3.447547535157679,258.6522700876509,64.39424724601582,16.886045488518818,12257.23961689018,1.592772437869596,63.17657833777154,Blue
542.9766721982849,7.8345843617616735,163.35233541350533,75.08459313194903,23.922992565886517,6403.250482567608,2.29263509232269,35.60566195340823,Blue
1449.6881761432562,5.04765858205486,271.4358513997506,36.80223977302937,10.477792165641018,5690.722862723723,1.8869243022456565,107.96687089422834,Blue
741.5289015625013,7.990395012596631,281.2286509531533,71.50050060794726,18.530574337140802,4390.608625751907,1.6310946352495455,46.77838573100787,Blue
692.3179396056948,1.588295418079467,155.3808974755618,37.53309382771387,16.292316795260973,11533.314189591658,2.4964945014600803,91.61130906925274,Blue
478.6656603989336,5.388140743060458,296.7042945430444,74.64620969863492,20.40551379796726,7335.112075526414,1.2098871182037818,36.12224910199455,Blue
666.7250585882579,1.3025224016495436,128.14230560975167,65.23771421580705,20.798148645265037,12825.819431563286,2.8369221358458625,20.577388424617766,Blue
1351.9809141938406,1.5638788310981906,140.403133680498,68.29440661048632,9.412225083666405,12117.963394805192,2.3702664392908845,55.199035727140156,Blue
1495.6012051526968,9.157937080099698,136.84496784760523,21.08039333602727,10.71175983397303,1093.804592912284,2.673613214687636,150.14602741610935,Blue
741.971436608218,2.2532083400583565,278.7979420015741,77.76862142444156,20.655006447706104,13765.117877498076,1.7412440472871087,61.91928820036177,Blue
838.3327571454511,5.791786140476954,230.85851046499238,63.600259524219396,18.68017013145894,5961.2090306626405,2.24306442702623,63.116513874254544,Blue
1166.4851258432845,4.699860423406359,130.42085664445457,38.285065723168,12.322711317989597,9854.328210965768,2.4004517218350725,90.18507440962826,Blue
1363.4349365580895,4.126089936329584,188.06468367366978,69.76367989153081,11.869511120062553,13953.347748448352,1.6382180671747932,57.08894259519528,Blue
1011.653201024141,9.098500111185452,223.0596050139604,36.891271904895795,17.27096154468455,3024.378207037713,2.0455541138144757,104.76512297299115,Blue
769.8308378133952,1.1964105709794055,116.69281699787666,72.36523037396768,17.740529284391588,8631.342009357608,3.127313146490381,35.2580851751864,Blue
795.1462090183485,6.9741071755803015,276.4832736814677,26.75482342471622,22.904341874706617,5869.860111308278,1.9596688915971257,124.51194246243489,Blue
1134.7417757961682,9.670549907921954,260.720707088307,62.22115864764775,14.023844374568034,6505.8083036272965,1.7975344929471908,76.4630765252546,Blue
303.8619163251344,6.041513651156578,201.04135471532766,52.44190859869462,21.029956587845927,11078.752665879902,2.082843781471819,88.42538774192934,Blue
1043.507204951809,9.431402158297827,293.4253230518341,25.79206821172645,17.308659704517666,2358.414774325953,1.830497427539142,114.58738619306367,Blue
726.591612529629,1.470320913574214,183.55219585501993,34.51362969553034,21.177395562656898,13922.461850899534,2.126343065487646,99.01592061111833,Blue
1253.0367975325012,4.769139871667452,296.82206380729957,20.74424217663889,14.670887475901932,8488.525944234427,1.7554838386635148,122.56794303737966,Blue
411.58876778775857,3.3414201186584602,233.58399976072542,48.12607792787035,22.420881459556213,11049.38494267392,2.0343301048503433,91.8225060697904,Blue
1005.8427203380686,7.577388684826568,226.9342546507883,38.07591564560002,15.051688484593399,10501.424009599246,2.2074310792072014,88.97158973637907,Blue
877.1674678633485,9.83167381447522,133.190979059157,55.90144905786553,19.36541774916873,1800.9438980582386,3.2840529156356504,63.448803949713344,Blue
1070.790631086273,3.30877056199823,276.3855516609288,37.83426846251703,12.770686110589843,11736.736661877956,1.7737376350393248,96.54812170371284,Blue
377.824313379562,6.88757141326667,185.49793758412304,37.99514669041908,21.838643711052125,7327.023972442349,2.2122360568728077,119.5149749262318,Blue
